<?xml version="1.0"?>
<!--<!DOCTYPE metadata SYSTEM "http://www.esri.com/metadata/esriprof80.dtd">-->
<metadata xml:lang="en"><Esri><CreaDate>20110803</CreaDate><CreaTime>16031100</CreaTime><SyncOnce>TRUE</SyncOnce><RematchLocator>SanFranStreets<Category Locator="Review">Address</Category><Description Locator="Review">US Streets (File-based)</Description><CLSID Locator="Review">{B5D3AB87-EED1-11D3-9F76-00C04F8ED1C4}</CLSID><DBEnv.CLSID Locator="Review">{43BA3ECC-0120-11d4-AB58-00C04FA379E3}</DBEnv.CLSID><DBEnv.Library Locator="Review">LocationQueryEngine</DBEnv.Library><EndOffset Locator="Review">3</EndOffset><FieldAliases Locator="Review">Street or Intersection</FieldAliases><FieldNames.0 Locator="Review">Name</FieldNames.0><FieldNames.0 Locator="Review">Address</FieldNames.0><FieldNames.0 Locator="Review">Addr</FieldNames.0><FieldNames.0 Locator="Review">Street</FieldNames.0><FieldNames.0 Locator="Review">Full_Name</FieldNames.0><Fields Locator="Review">Street</Fields><FieldSizes Locator="Review">60</FieldSizes><FieldsRequired Locator="Review">TRUE</FieldsRequired><FileMAT Locator="Review">us_addr2.mat</FileMAT><FileSTN Locator="Review">us_addr.stn</FileSTN><Interpolate Locator="Review">TRUE</Interpolate><IntersectionConnectors Locator="Review">&amp; | @</IntersectionConnectors><IntFileMAT Locator="Review">us_intsc2.mat</IntFileMAT><IntFileSTN Locator="Review">us_intsc.stn</IntFileSTN><Locator.CLSID Locator="Review">{D9052385-AB46-11d2-AADA-00C04FA379E3}</Locator.CLSID><Locator.FactoryCLSID Locator="Review">{2E0878A8-0CD0-11d4-AB5D-00C04FA379E3}</Locator.FactoryCLSID><Locator.FactoryLibrary Locator="Review">LocationQueryEngine</Locator.FactoryLibrary><Locator.Library Locator="Review">mtchloc</Locator.Library><MatchIfScoresTie Locator="Review">True</MatchIfScoresTie><MinimumCandidateScore Locator="Review">10</MinimumCandidateScore><MinimumMatchScore Locator="Review">60</MinimumMatchScore><MKeyAlias.D1 Locator="Review">SufDir1</MKeyAlias.D1><MKeyAlias.D2 Locator="Review">SufDir2</MKeyAlias.D2><MKeyAlias.E1 Locator="Review">PreType1</MKeyAlias.E1><MKeyAlias.E2 Locator="Review">PreType2</MKeyAlias.E2><MKeyAlias.HN Locator="Review">HouseNum</MKeyAlias.HN><MKeyAlias.P1 Locator="Review">PreDir1</MKeyAlias.P1><MKeyAlias.P2 Locator="Review">PreDir2</MKeyAlias.P2><MKeyAlias.PD Locator="Review">PreDir</MKeyAlias.PD><MKeyAlias.PT Locator="Review">PreType</MKeyAlias.PT><MKeyAlias.S1 Locator="Review">StreetName1</MKeyAlias.S1><MKeyAlias.S2 Locator="Review">StreetName2</MKeyAlias.S2><MKeyAlias.SD Locator="Review">SufDir</MKeyAlias.SD><MKeyAlias.SN Locator="Review">StreetName</MKeyAlias.SN><MKeyAlias.ST Locator="Review">SufType</MKeyAlias.ST><MKeyAlias.T1 Locator="Review">SufType1</MKeyAlias.T1><MKeyAlias.T2 Locator="Review">SufType2</MKeyAlias.T2><MKeyField Locator="Review">XX</MKeyField><Query.CLSID Locator="Review">{1845B140-FC3B-11d2-AAFA-00C04FA379E3}</Query.CLSID><Query.Library Locator="Review">mtchloc</Query.Library><RD.Func Locator="Review">HouseRange,LocationQueryEngine,CalcHNInRange,""</RD.Func><RD.Func Locator="Review">RoundHN,LocationQueryEngine,RoundHN,""</RD.Func><RD.IdxFile1.CLSID Locator="Review">{F48F9A46-F624-11d3-AB54-00C04FA379E3}</RD.IdxFile1.CLSID><RD.IdxFile1.Index Locator="Review">I1, "Street Name Index", Soundex2,    "$$Table1.StreetName"</RD.IdxFile1.Index><RD.IdxFile1.Index Locator="Review">I2, "House Range Index", Normal,      "@HouseRange($$Table1.LeftFrom,$$Table1.LeftTo,$$Table1.RightFrom,$$Table1.RightTo)"</RD.IdxFile1.Index><RD.ILQuery.MF Locator="Review">PreDir1,Table1.PreDir</RD.ILQuery.MF><RD.ILQuery.MF Locator="Review">PreType1,Table1.PreType</RD.ILQuery.MF><RD.ILQuery.MF Locator="Review">StreetName1,Table1.StreetName</RD.ILQuery.MF><RD.ILQuery.MF Locator="Review">Type1,Table1.StreetType</RD.ILQuery.MF><RD.ILQuery.MF Locator="Review">SufDir1,Table1.SufDir</RD.ILQuery.MF><RD.ILQuery.MF Locator="Review">Shape,Table1.Shape</RD.ILQuery.MF><RD.ILQuery.MF Locator="Review">ID,Table1.ID</RD.ILQuery.MF><RD.ILQuery.Where Locator="Review">I1 = "%S1%"?</RD.ILQuery.Where><RD.IndexFile Locator="Review">IdxFile1,${Table1}</RD.IndexFile><RD.IndexFileName Locator="Review">Streets.shp.aig</RD.IndexFileName><RD.IRQuery.MF Locator="Review">PreDir2,Table1.PreDir</RD.IRQuery.MF><RD.IRQuery.MF Locator="Review">PreType2,Table1.PreType</RD.IRQuery.MF><RD.IRQuery.MF Locator="Review">StreetName2,Table1.StreetName</RD.IRQuery.MF><RD.IRQuery.MF Locator="Review">Type2,Table1.StreetType</RD.IRQuery.MF><RD.IRQuery.MF Locator="Review">SufDir2,Table1.SufDir</RD.IRQuery.MF><RD.IRQuery.MF Locator="Review">Shape,Table1.Shape</RD.IRQuery.MF><RD.IRQuery.MF Locator="Review">ID,Table1.ID</RD.IRQuery.MF><RD.IRQuery.Where Locator="Review">I1 = "%S2%"?</RD.IRQuery.Where><RD.LeftIntsecQuery Locator="Review">ILQuery,"Left Intersection Query"</RD.LeftIntsecQuery><RD.Query Locator="Review">Query1,"Main query"</RD.Query><RD.Query1.ConditionalWhere Locator="Review">HN,0, " &amp; I2 = @RoundHN(%HN%)"</RD.Query1.ConditionalWhere><RD.Query1.MF Locator="Review">LeftFrom,Table1.LeftFrom</RD.Query1.MF><RD.Query1.MF Locator="Review">LeftTo,Table1.LeftTo</RD.Query1.MF><RD.Query1.MF Locator="Review">RightFrom,Table1.RightFrom</RD.Query1.MF><RD.Query1.MF Locator="Review">RightTo,Table1.RightTo</RD.Query1.MF><RD.Query1.MF Locator="Review">PreDir,Table1.PreDir</RD.Query1.MF><RD.Query1.MF Locator="Review">PreType,Table1.PreType</RD.Query1.MF><RD.Query1.MF Locator="Review">StreetName,Table1.StreetName</RD.Query1.MF><RD.Query1.MF Locator="Review">StreetType,Table1.StreetType</RD.Query1.MF><RD.Query1.MF Locator="Review">SufDir,Table1.SufDir</RD.Query1.MF><RD.Query1.MF Locator="Review">Shape,Table1.Shape</RD.Query1.MF><RD.Query1.MF Locator="Review">ID,Table1.ID</RD.Query1.MF><RD.Query1.Where Locator="Review">I1 = "%SN%"?</RD.Query1.Where><RD.RightIntsecQuery Locator="Review">IRQuery,"Right Intersection Query"</RD.RightIntsecQuery><RD.Table Locator="Review">Table1,"Primary table"</RD.Table><RD.Table1.Column Locator="Review">LeftFrom,"House From Left",N,TRUE</RD.Table1.Column><RD.Table1.Column Locator="Review">LeftTo,"House To Left",N,TRUE</RD.Table1.Column><RD.Table1.Column Locator="Review">RightFrom,"House From Right",N,TRUE</RD.Table1.Column><RD.Table1.Column Locator="Review">RightTo,"House To Right",N,TRUE</RD.Table1.Column><RD.Table1.Column Locator="Review">PreDir,"Prefix Direction",N,FALSE</RD.Table1.Column><RD.Table1.Column Locator="Review">PreType,"Prefix Type",N,FALSE</RD.Table1.Column><RD.Table1.Column Locator="Review">StreetName,"Street Name",N,TRUE</RD.Table1.Column><RD.Table1.Column Locator="Review">StreetType,"Street Type",N,FALSE</RD.Table1.Column><RD.Table1.Column Locator="Review">SufDir,"Suffix Direction",N,FALSE</RD.Table1.Column><RD.Table1.Column Locator="Review">ID,"Record ID for the Primary table",N,TRUE</RD.Table1.Column><RD.Table1.Column Locator="Review">Shape,"Shape column",N,TRUE</RD.Table1.Column><RD.Table1.Filter Locator="Review">esriCatalog.GxFilterShapefiles</RD.Table1.Filter><RD.Table1.Filter Locator="Review">esriCatalog.GxFilterCoverageFeatureClasses</RD.Table1.Filter><RD.Table1.Filter Locator="Review">esriCatalog.GxFilterCADFeatureClasses</RD.Table1.Filter><RD.Val.Table1 Locator="Review">Streets</RD.Val.Table1><RD.Val.Table1.ID Locator="Review">FID</RD.Val.Table1.ID><RD.Val.Table1.LeftFrom Locator="Review">L_F_ADD</RD.Val.Table1.LeftFrom><RD.Val.Table1.LeftTo Locator="Review">L_T_ADD</RD.Val.Table1.LeftTo><RD.Val.Table1.PreDir Locator="Review">PREFIX</RD.Val.Table1.PreDir><RD.Val.Table1.PreType Locator="Review">PRE_TYPE</RD.Val.Table1.PreType><RD.Val.Table1.RightFrom Locator="Review">R_F_ADD</RD.Val.Table1.RightFrom><RD.Val.Table1.RightTo Locator="Review">R_T_ADD</RD.Val.Table1.RightTo><RD.Val.Table1.Shape Locator="Review">Shape</RD.Val.Table1.Shape><RD.Val.Table1.StreetName Locator="Review">NAME</RD.Val.Table1.StreetName><RD.Val.Table1.StreetType Locator="Review">TYPE</RD.Val.Table1.StreetType><RD.Val.Table1.SufDir Locator="Review">SUFFIX</RD.Val.Table1.SufDir><RD.WorkspaceString Locator="Review">ProgID = esriDataSourcesFile.ShapefileWorkspaceFactory.1; Path = D:\Tutorials\NetworkAnalyst\exercise5\network\</RD.WorkspaceString><SideOffset Locator="Review">0</SideOffset><SideOffsetUnits Locator="Review">ReferenceDataUnits</SideOffsetUnits><SpellingSensitivity Locator="Review">80</SpellingSensitivity><SupportIntersections Locator="Review">TRUE</SupportIntersections><UICLSID Locator="Review">{AE5A3A0E-F756-11D2-9F4F-00C04F8ED1C4}</UICLSID><UseRelativePaths Locator="Review">False</UseRelativePaths><Version Locator="Review">9.0</Version><WritePercentAlongField Locator="Review">False</WritePercentAlongField><WriteReferenceIDField Locator="Review">False</WriteReferenceIDField><WriteStandardizedAddressField Locator="Review">False</WriteStandardizedAddressField><WriteXYCoordFields Locator="Review">False</WriteXYCoordFields><InTable Locator="Review">::</InTable><InKeyColumns Locator="Review">::</InKeyColumns><InColumns Locator="Review">ARC_Street</InColumns><OutTable Locator="Review">::</OutTable><OutKeyColumns Locator="Review">::</OutKeyColumns><OutColumns Locator="Review">Shape</OutColumns><OutColumns Locator="Review">Status</OutColumns><OutColumns Locator="Review">Score</OutColumns><OutColumns Locator="Review">Side</OutColumns></RematchLocator><ArcGISFormat>1.0</ArcGISFormat><DataProperties><itemProps><itemLocation><linkage Sync="TRUE">file://\\GEOG-JHT17NEW\C$\geog205\lab8\NewData\task1and2\Fire_Station</linkage><protocol Sync="TRUE">Local Area Network</protocol></itemLocation></itemProps><copyHistory><copy source="C:\geog205\lab8\Data\Task1and2\Layers\Fire_Station" dest="\\GEOG-JHT17NEW\C$\geog205\lab8\NewData\task1and2\Fire_Station" date="20110803" time="16031100"></copy></copyHistory></DataProperties></Esri></metadata>
