<?xml version="1.0"?>
<!--<!DOCTYPE metadata SYSTEM "http://www.esri.com/metadata/esriprof80.dtd">-->
<metadata xml:lang="en"><Esri><CreaDate>20041216</CreaDate><CreaTime>11341700</CreaTime><SyncOnce>TRUE</SyncOnce><DataProperties><lineage><Process Name="Create Feature Class" ToolSource="E:\Program Files\ArcGIS\ArcToolbox\Toolboxes\Data Management Tools.tbx\CreateFeatureclass" Date="20040913" Time="100016">CreateFeatureclass E:\networkdocs\TutorialData\BayArea BayAreaLocations.shp # BayAreaLocations_Layer SAME_AS_TEMPLATE SAME_AS_TEMPLATE "GEOGCS['GCS_Assumed_Geographic_1',DATUM['D_North_American_1927',SPHEROID['Clarke_1866',6378206.4,294.9786982]],PRIMEM['Greenwich',0.0],UNIT['Degree',0.0174532925199433]];-138.780452 21.077659 63999999.940395;0.000000 100000.000000;0.000000 100000.000000" # 0 0 0 E:\networkdocs\TutorialData\BayArea\BayAreaLocations.shp</Process><Process Name="Append" ToolSource="E:\Program Files\ArcGIS\ArcToolbox\Toolboxes\Data Management Tools.tbx\Append" Date="20040913" Time="100017">Append BayAreaLocations_Layer E:\networkdocs\TutorialData\BayArea\BayAreaLocations.shp TEST E:\networkdocs\TutorialData\BayArea\BayAreaLocations.shp</Process><Process Name="FeatureClassToFeatureClass_1" ToolSource="E:\Program Files\ArcGIS\ArcToolbox\Toolboxes\Conversion Tools.tbx\FeatureClassToFeatureClass" Date="20040913" Time="100017">FeatureClassToFeatureClass E:\networkdocs\TutorialData\BayArea\BayAreaHospitals.mdb\BayAreaLocations E:\networkdocs\TutorialData\BayArea BayAreaLocations.shp # "NAME NAME VISIBLE;FCC FCC VISIBLE;FromTime FromTime VISIBLE;ToTime ToTime VISIBLE;Subtypes Subtypes VISIBLE;VisitTime VisitTime VISIBLE" SAME_AS_TEMPLATE SAME_AS_TEMPLATE # 0 E:\networkdocs\TutorialData\BayArea\BayAreaLocations.shp</Process></lineage><itemProps><itemLocation><linkage Sync="TRUE">file://\\GEOG-JHT17NEW\C$\geog205\lab8\NewData\task1and2\Hospital</linkage><protocol Sync="TRUE">Local Area Network</protocol></itemLocation></itemProps><copyHistory><copy source="C:\geog205\lab8\Data\Task1and2\Layers\Hospital" dest="\\GEOG-JHT17NEW\C$\geog205\lab8\NewData\task1and2\Hospital" date="20110803" time="12582600"></copy></copyHistory></DataProperties><MetaID>{5E3EDBD2-9CD4-4368-9978-15480436A051}</MetaID></Esri><idinfo><citation><citeinfo><onlink Sync="TRUE">\\TARUN_LAPTOP\Tutorials\networkanalyst\exercise5\layers\Hospital</onlink></citeinfo></citation></idinfo><distInfo><distributor><distorTran><onLineSrc><linkage Sync="TRUE">file://\\TARUN_LAPTOP\Tutorials\networkanalyst\exercise5\layers\Hospital</linkage><protocol Sync="TRUE">Local Area Network</protocol></onLineSrc></distorTran></distributor></distInfo><dataqual><lineage><procstep><procdesc Sync="TRUE">Dataset moved.</procdesc><srcused Sync="TRUE">E:\NetworkAnalyst_TestData\BayArea\BayAreaLocations</srcused><date Sync="TRUE">20041129</date><time Sync="TRUE">15483000</time></procstep><procstep><procdesc Sync="TRUE">Dataset copied.</procdesc><srcused Sync="TRUE"></srcused><date Sync="TRUE">20041216</date><time Sync="TRUE">11281300</time></procstep><procstep><procdesc Sync="TRUE">Dataset moved.</procdesc><srcused Sync="TRUE">D:\Tutorials\NetworkAnalyst\Exercise5\Layers\Hospital</srcused><date Sync="TRUE">20041216</date><time Sync="TRUE">11335500</time></procstep><procstep><procdesc Sync="TRUE">Dataset copied.</procdesc><srcused Sync="TRUE">D:\Tutorials\NetworkAnalyst\Exercise4\Layers\Hospital</srcused><date Sync="TRUE">20041216</date><time Sync="TRUE">11341700</time></procstep></lineage></dataqual></metadata>
