<?xml version="1.0"?>
<!--<!DOCTYPE metadata SYSTEM "http://www.esri.com/metadata/esriprof80.dtd">-->
<metadata xml:lang="en"><Esri><CreaDate>20110803</CreaDate><CreaTime>15383100</CreaTime><SyncOnce>TRUE</SyncOnce><DataProperties><itemProps><itemLocation><linkage Sync="TRUE">file://\\GEOG-JHT17NEW\C$\geog205\lab8\NewData\task1and2\HwySt</linkage><protocol Sync="TRUE">Local Area Network</protocol></itemLocation></itemProps><copyHistory><copy source="C:\geog205\lab8\Data\Task1and2\Layers\HwySt" dest="\\GEOG-JHT17NEW\C$\geog205\lab8\NewData\task1and2\HwySt" date="20110803" time="13031500"></copy></copyHistory></DataProperties><ArcGISFormat>1.0</ArcGISFormat></Esri><idinfo><citation><citeinfo><onlink Sync="TRUE">\\TARUN_LAPTOP\Tutorials\networkanalyst\exercise5\layers\HwySt</onlink></citeinfo></citation></idinfo><distInfo><distributor><distorTran><onLineSrc><linkage Sync="TRUE">file://\\TARUN_LAPTOP\Tutorials\networkanalyst\exercise5\layers\HwySt</linkage><protocol Sync="TRUE">Local Area Network</protocol></onLineSrc></distorTran></distributor></distInfo><dataqual><lineage><procstep><procdesc Sync="TRUE">Dataset copied.</procdesc><srcused Sync="TRUE">C:\Program Files\ESRI\ArcLogistics Route\MapData_sanfran\HwySt</srcused><date Sync="TRUE">20040726</date><time Sync="TRUE">12005600</time></procstep><procstep><procdesc Sync="TRUE">Dataset copied.</procdesc><srcused Sync="TRUE">\\hbowman1\shared\bay\HwySt</srcused><date Sync="TRUE">20040726</date><time Sync="TRUE">18115400</time></procstep><procstep><procdesc Sync="TRUE">Dataset copied.</procdesc><srcused Sync="TRUE">C:\Demo\UC2004\NetworkAnalyst\BayArea\HwySt</srcused><date Sync="TRUE">20040730</date><time Sync="TRUE">08033900</time></procstep><procstep><procdesc Sync="TRUE">Dataset copied.</procdesc><srcused Sync="TRUE">E:\NetworkAnalyst_TestData\BayArea\HwySt</srcused><date Sync="TRUE">20041129</date><time Sync="TRUE">15292000</time></procstep><procstep><procdesc Sync="TRUE">Dataset moved.</procdesc><srcused Sync="TRUE">E:\Tutorials\NetworkAnalyst\Tutorial1\HwySt</srcused><date Sync="TRUE">20041129</date><time Sync="TRUE">15444400</time></procstep><procstep><procdesc Sync="TRUE">Dataset moved.</procdesc><srcused Sync="TRUE">E:\Tutorials\NetworkAnalyst\Tutorial4\HwySt</srcused><date Sync="TRUE">20041129</date><time Sync="TRUE">15465500</time></procstep><procstep><procdesc Sync="TRUE">Dataset moved.</procdesc><srcused Sync="TRUE">D:\Tutorials\NetworkAnalyst\Exercise5\Layers\HwySt</srcused><date Sync="TRUE">20041216</date><time Sync="TRUE">11335500</time></procstep><procstep><procdesc Sync="TRUE">Dataset copied.</procdesc><srcused Sync="TRUE">D:\Tutorials\NetworkAnalyst\Exercise4\Layers\HwySt</srcused><date Sync="TRUE">20041216</date><time Sync="TRUE">11341800</time></procstep></lineage></dataqual></metadata>
