<?xml version="1.0"?>
<!--<!DOCTYPE metadata SYSTEM "http://www.esri.com/metadata/esriprof80.dtd">-->
<metadata xml:lang="en"><Esri><CreaDate>20110803</CreaDate><CreaTime>15401200</CreaTime><SyncOnce>TRUE</SyncOnce><ArcGISFormat>1.0</ArcGISFormat></Esri><idinfo><citation><citeinfo><onlink Sync="TRUE">\\TARUN_LAPTOP\Tutorials\networkanalyst\exercise5\layers\MajorSt</onlink></citeinfo></citation></idinfo><distInfo><distributor><distorTran><onLineSrc><linkage Sync="TRUE">file://\\TARUN_LAPTOP\Tutorials\networkanalyst\exercise5\layers\MajorSt</linkage><protocol Sync="TRUE">Local Area Network</protocol></onLineSrc></distorTran></distributor></distInfo><dataqual><lineage><procstep><procdesc Sync="TRUE">Dataset copied.</procdesc><srcused Sync="TRUE">C:\Program Files\ESRI\ArcLogistics Route\MapData_sanfran\MajorSt</srcused><date Sync="TRUE">20040726</date><time Sync="TRUE">12021500</time></procstep><procstep><procdesc Sync="TRUE">Dataset copied.</procdesc><srcused Sync="TRUE">\\hbowman1\shared\bay\MajorSt</srcused><date Sync="TRUE">20040726</date><time Sync="TRUE">18115200</time></procstep><procstep><procdesc Sync="TRUE">Dataset copied.</procdesc><srcused Sync="TRUE">C:\Demo\UC2004\NetworkAnalyst\BayArea\MajorSt</srcused><date Sync="TRUE">20040730</date><time Sync="TRUE">08033900</time></procstep><procstep><procdesc Sync="TRUE">Dataset copied.</procdesc><srcused Sync="TRUE">E:\NetworkAnalyst_TestData\BayArea\MajorSt</srcused><date Sync="TRUE">20041129</date><time Sync="TRUE">15292300</time></procstep><procstep><procdesc Sync="TRUE">Dataset moved.</procdesc><srcused Sync="TRUE">E:\Tutorials\NetworkAnalyst\Tutorial1\MajorSt</srcused><date Sync="TRUE">20041129</date><time Sync="TRUE">15444300</time></procstep><procstep><procdesc Sync="TRUE">Dataset moved.</procdesc><srcused Sync="TRUE">E:\Tutorials\NetworkAnalyst\Tutorial4\MajorSt</srcused><date Sync="TRUE">20041129</date><time Sync="TRUE">15465400</time></procstep><procstep><procdesc Sync="TRUE">Dataset moved.</procdesc><srcused Sync="TRUE">D:\Tutorials\NetworkAnalyst\Exercise5\Layers\MajorSt</srcused><date Sync="TRUE">20041216</date><time Sync="TRUE">11335900</time></procstep><procstep><procdesc Sync="TRUE">Dataset copied.</procdesc><srcused Sync="TRUE">D:\Tutorials\NetworkAnalyst\Exercise4\Layers\MajorSt</srcused><date Sync="TRUE">20041216</date><time Sync="TRUE">11341800</time></procstep></lineage></dataqual></metadata>
