<?xml version="1.0"?>
<!--<!DOCTYPE metadata SYSTEM "http://www.esri.com/metadata/esriprof80.dtd">-->
<metadata xml:lang="da"><Esri><CreaDate>20110803</CreaDate><CreaTime>15550300</CreaTime><SyncOnce>TRUE</SyncOnce><ArcGISFormat>1.0</ArcGISFormat></Esri><idinfo><citation><citeinfo><onlink Sync="TRUE">\\TARUN_LAPTOP\Tutorials\networkanalyst\exercise5\layers\ShoreLine</onlink></citeinfo></citation></idinfo><distInfo><distributor><distorTran><onLineSrc><linkage Sync="TRUE">file://\\TARUN_LAPTOP\Tutorials\networkanalyst\exercise5\layers\ShoreLine</linkage><protocol Sync="TRUE">Local Area Network</protocol></onLineSrc></distorTran></distributor></distInfo><dataqual><lineage><procstep><procdesc Sync="TRUE">Dataset copied.</procdesc><srcused Sync="TRUE">E:\Krak Source Data_281002\Admin\kommune</srcused><date Sync="TRUE">20021101</date><time Sync="TRUE">08504900</time></procstep><procstep><procdesc Sync="TRUE">Dataset copied.</procdesc><srcused Sync="TRUE">E:\krakgeoinfo\Kdv\AllstreetsUTM_III\Dtl_Cnty</srcused><date Sync="TRUE">20021101</date><time Sync="TRUE">09361200</time></procstep><procstep><procdesc Sync="TRUE">Dataset copied.</procdesc><srcused Sync="TRUE">C:\Program Files\ESRI\ArcLogistics Route\Background\states</srcused><date Sync="TRUE">20040726</date><time Sync="TRUE">16574400</time></procstep><procstep><procdesc Sync="TRUE">Dataset copied.</procdesc><srcused Sync="TRUE"></srcused><date Sync="TRUE">20040726</date><time Sync="TRUE">17002800</time></procstep><procstep><procdesc Sync="TRUE">Dataset copied.</procdesc><srcused Sync="TRUE">\\hbowman1\shared\bay\ShoreLine</srcused><date Sync="TRUE">20040726</date><time Sync="TRUE">18114800</time></procstep><procstep><procdesc Sync="TRUE">Dataset copied.</procdesc><srcused Sync="TRUE">C:\Demo\UC2004\NetworkAnalyst\BayArea\ShoreLine</srcused><date Sync="TRUE">20040730</date><time Sync="TRUE">08033800</time></procstep><procstep><procdesc Sync="TRUE">Dataset copied.</procdesc><srcused Sync="TRUE">E:\NetworkAnalyst_TestData\BayArea\ShoreLine</srcused><date Sync="TRUE">20041129</date><time Sync="TRUE">15291800</time></procstep><procstep><procdesc Sync="TRUE">Dataset moved.</procdesc><srcused Sync="TRUE">E:\Tutorials\NetworkAnalyst\Tutorial1\ShoreLine</srcused><date Sync="TRUE">20041129</date><time Sync="TRUE">15444000</time></procstep><procstep><procdesc Sync="TRUE">Dataset moved.</procdesc><srcused Sync="TRUE">E:\Tutorials\NetworkAnalyst\Tutorial4\ShoreLine</srcused><date Sync="TRUE">20041129</date><time Sync="TRUE">15465200</time></procstep><procstep><procdesc Sync="TRUE">Dataset moved.</procdesc><srcused Sync="TRUE">D:\Tutorials\NetworkAnalyst\Exercise5\Layers\ShoreLine</srcused><date Sync="TRUE">20041216</date><time Sync="TRUE">11335900</time></procstep><procstep><procdesc Sync="TRUE">Dataset copied.</procdesc><srcused Sync="TRUE">D:\Tutorials\NetworkAnalyst\Exercise4\Layers\ShoreLine</srcused><date Sync="TRUE">20041216</date><time Sync="TRUE">11342600</time></procstep></lineage></dataqual></metadata>
