<?xml version="1.0"?>
<!--<!DOCTYPE metadata SYSTEM "http://www.esri.com/metadata/esriprof80.dtd">-->
<metadata xml:lang="en"><Esri><CreaDate>20110803</CreaDate><CreaTime>12514900</CreaTime><SyncOnce>TRUE</SyncOnce><ArcGISFormat>1.0</ArcGISFormat><DataProperties><lineage><Process ToolSource="C:\Program Files\ArcGIS\Desktop10.0\ArcToolbox\Toolboxes\Data Management Tools.tbx\AddIndex" Date="20110803" Time="130615">AddIndex Streets L_F_ADD;L_T_ADD;R_F_ADD;R_T_ADD;CFCC;PREFIX;PRE_TYPE;NAME;TYPE;SUFFIX;Full_Name;ZIPL;ZIPR;State_Fips;State_Abbr;Cityl;Cityr;Meters;FT_Minutes;TF_Minutes;ShapeID;FNode;TNode;DISP_CODE;EDGE_ID;Oneway;F_ZLEV;T_ZLEV # NON_UNIQUE NON_ASCENDING</Process><Process ToolSource="C:\Program Files\ArcGIS\Desktop10.0\ArcToolbox\Toolboxes\Data Management Tools.tbx\AddSpatialIndex" Date="20110803" Time="130639">AddSpatialIndex Streets 0 0 0</Process></lineage></DataProperties></Esri><idinfo><citation><citeinfo><onlink Sync="TRUE">\\Dijkstra\f_drive\networkanalyst_testdata\bayarea\network\Streets</onlink></citeinfo></citation></idinfo><distInfo><distributor><distorTran><onLineSrc><linkage Sync="TRUE">file://\\Dijkstra\f_drive\networkanalyst_testdata\bayarea\network\Streets</linkage><protocol Sync="TRUE">Local Area Network</protocol></onLineSrc></distorTran></distributor></distInfo><dataqual><lineage><procstep><procdesc Sync="TRUE">Dataset copied.</procdesc><srcused Sync="TRUE">c:\program files\esri\arclogistics route\mapdata_sanfran\Streets</srcused><date Sync="TRUE">20040726</date><time Sync="TRUE">12011200</time></procstep><procstep><procdesc Sync="TRUE">Dataset copied.</procdesc><srcused Sync="TRUE">\\hbowman1\shared\bay\Streets</srcused><date Sync="TRUE">20040726</date><time Sync="TRUE">18114700</time></procstep><procstep><procdesc Sync="TRUE">Dataset copied.</procdesc><srcused Sync="TRUE">C:\ArcGIS\BayArea\Streets</srcused><date Sync="TRUE">20041029</date><time Sync="TRUE">12053600</time></procstep><procstep><procdesc Sync="TRUE">Dataset copied.</procdesc><srcused Sync="TRUE">Y:\BayArea\Network\Streets</srcused><date Sync="TRUE">20041123</date><time Sync="TRUE">13411400</time></procstep></lineage></dataqual></metadata>
